X,Y,Z,Name,Layer,Provinsi,Jenis,Alamat,Latitude,Longitude
109.69,-7.397,0,Kabupaten Banjarnegara,Jawa Tengah,Jawa Tengah,Kabupaten,"Kabupaten Banjarnegara, Jawa Tengah, Indonesia",-7.397,109.69
109.23,-7.43,0,Kabupaten Banyumas,Jawa Tengah,Jawa Tengah,Kabupaten,"Kabupaten Banyumas, Jawa Tengah, Indonesia",-7.43,109.23
109.9,-7.05,0,Kabupaten Batang,Jawa Tengah,Jawa Tengah,Kabupaten,"Kabupaten Batang, Jawa Tengah, Indonesia",-7.05,109.9
111.42,-7,0,Kabupaten Blora,Jawa Tengah,Jawa Tengah,Kabupaten,"Kabupaten Blora, Jawa Tengah, Indonesia",-7,111.42
110.6,-7.53,0,Kabupaten Boyolali,Jawa Tengah,Jawa Tengah,Kabupaten,"Kabupaten Boyolali, Jawa Tengah, Indonesia",-7.53,110.6
109.0,-7.05,0,Kabupaten Brebes,Jawa Tengah,Jawa Tengah,Kabupaten,"Kabupaten Brebes, Jawa Tengah, Indonesia",-7.05,109
109.0,-7.55,0,Kabupaten Cilacap,Jawa Tengah,Jawa Tengah,Kabupaten,"Kabupaten Cilacap, Jawa Tengah, Indonesia",-7.55,109
110.64,-6.89,0,Kabupaten Demak,Jawa Tengah,Jawa Tengah,Kabupaten,"Kabupaten Demak, Jawa Tengah, Indonesia",-6.89,110.64
110.92,-7.1,0,Kabupaten Grobogan,Jawa Tengah,Jawa Tengah,Kabupaten,"Kabupaten Grobogan, Jawa Tengah, Indonesia",-7.1,110.92
110.67,-6.59,0,Kabupaten Jepara,Jawa Tengah,Jawa Tengah,Kabupaten,"Kabupaten Jepara, Jawa Tengah, Indonesia",-6.59,110.67
110.95,-7.6,0,Kabupaten Karanganyar,Jawa Tengah,Jawa Tengah,Kabupaten,"Kabupaten Karanganyar, Jawa Tengah, Indonesia",-7.6,110.95
109.65,-7.67,0,Kabupaten Kebumen,Jawa Tengah,Jawa Tengah,Kabupaten,"Kabupaten Kebumen, Jawa Tengah, Indonesia",-7.67,109.65
110.2,-6.92,0,Kabupaten Kendal,Jawa Tengah,Jawa Tengah,Kabupaten,"Kabupaten Kendal, Jawa Tengah, Indonesia",-6.92,110.2
110.6,-7.7,0,Kabupaten Klaten,Jawa Tengah,Jawa Tengah,Kabupaten,"Kabupaten Klaten, Jawa Tengah, Indonesia",-7.7,110.6
110.84,-6.805,0,Kabupaten Kudus,Jawa Tengah,Jawa Tengah,Kabupaten,"Kabupaten Kudus, Jawa Tengah, Indonesia",-6.805,110.84
110.22,-7.49,0,Kabupaten Magelang,Jawa Tengah,Jawa Tengah,Kabupaten,"Kabupaten Magelang, Jawa Tengah, Indonesia",-7.49,110.22
111.04,-6.75,0,Kabupaten Pati,Jawa Tengah,Jawa Tengah,Kabupaten,"Kabupaten Pati, Jawa Tengah, Indonesia",-6.75,111.04
109.63,-7.05,0,Kabupaten Pekalongan,Jawa Tengah,Jawa Tengah,Kabupaten,"Kabupaten Pekalongan, Jawa Tengah, Indonesia",-7.05,109.63
109.4,-7.03,0,Kabupaten Pemalang,Jawa Tengah,Jawa Tengah,Kabupaten,"Kabupaten Pemalang, Jawa Tengah, Indonesia",-7.03,109.4
109.36,-7.39,0,Kabupaten Purbalingga,Jawa Tengah,Jawa Tengah,Kabupaten,"Kabupaten Purbalingga, Jawa Tengah, Indonesia",-7.39,109.36
110.01,-7.71,0,Kabupaten Purworejo,Jawa Tengah,Jawa Tengah,Kabupaten,"Kabupaten Purworejo, Jawa Tengah, Indonesia",-7.71,110.01
111.34,-6.71,0,Kabupaten Rembang,Jawa Tengah,Jawa Tengah,Kabupaten,"Kabupaten Rembang, Jawa Tengah, Indonesia",-6.71,111.34
110.45,-7.15,0,Kabupaten Semarang,Jawa Tengah,Jawa Tengah,Kabupaten,"Kabupaten Semarang, Jawa Tengah, Indonesia",-7.15,110.45
111.02,-7.43,0,Kabupaten Sragen,Jawa Tengah,Jawa Tengah,Kabupaten,"Kabupaten Sragen, Jawa Tengah, Indonesia",-7.43,111.02
110.84,-7.68,0,Kabupaten Sukoharjo,Jawa Tengah,Jawa Tengah,Kabupaten,"Kabupaten Sukoharjo, Jawa Tengah, Indonesia",-7.68,110.84
109.15,-7,0,Kabupaten Tegal,Jawa Tengah,Jawa Tengah,Kabupaten,"Kabupaten Tegal, Jawa Tengah, Indonesia",-7,109.15
110.17,-7.32,0,Kabupaten Temanggung,Jawa Tengah,Jawa Tengah,Kabupaten,"Kabupaten Temanggung, Jawa Tengah, Indonesia",-7.32,110.17
110.92,-7.82,0,Kabupaten Wonogiri,Jawa Tengah,Jawa Tengah,Kabupaten,"Kabupaten Wonogiri, Jawa Tengah, Indonesia",-7.82,110.92
109.9,-7.36,0,Kabupaten Wonosobo,Jawa Tengah,Jawa Tengah,Kabupaten,"Kabupaten Wonosobo, Jawa Tengah, Indonesia",-7.36,109.9
110.2177,-7.4797,0,Kota Magelang,Jawa Tengah,Jawa Tengah,Kota,"Kota Magelang, Jawa Tengah, Indonesia",-7.4797,110.2177
109.6753,-6.8886,0,Kota Pekalongan,Jawa Tengah,Jawa Tengah,Kota,"Kota Pekalongan, Jawa Tengah, Indonesia",-6.8886,109.6753
110.5084,-7.3305,0,Kota Salatiga,Jawa Tengah,Jawa Tengah,Kota,"Kota Salatiga, Jawa Tengah, Indonesia",-7.3305,110.5084
110.4203,-6.9932,0,Kota Semarang,Jawa Tengah,Jawa Tengah,Kota,"Kota Semarang, Jawa Tengah, Indonesia",-6.9932,110.4203
110.8243,-7.5755,0,Kota Surakarta,Jawa Tengah,Jawa Tengah,Kota,"Kota Surakarta, Jawa Tengah, Indonesia",-7.5755,110.8243
109.1256,-6.8797,0,Kota Tegal,Jawa Tengah,Jawa Tengah,Kota,"Kota Tegal, Jawa Tengah, Indonesia",-6.8797,109.1256
